sent_id	tok_i_id	tok_j_id	upos_i	upos_j	lang_i	lang_j	switch	relation
1	1	2	NOUN	NOUN	tr	tr	false	within
1	2	3	NOUN	NOUN	tr	en	true	within
1	3	4	NOUN	VERB	en	tr	true	within
1	4	5	VERB	ADJ	tr	tr	false	within
1	5	6	ADJ	AUX	tr	tr	false	within
2	1	2	PRON	VERB	tr	tr	false	within
2	2	3	VERB	NOUN	tr	tr	false	within
2	3	4	NOUN	SCONJ	tr	tr	false	boundary
2	4	5	SCONJ	ADV	tr	en	true	within
2	5	6	ADV	DET	en	en	false	boundary
2	6	7	DET	NOUN	en	tr	true	within
2	7	8	NOUN	NOUN	tr	tr	false	within
2	8	9	NOUN	NOUN	tr	tr	false	within
2	9	10	NOUN	VERB	tr	tr	false	within
2	10	11	VERB	DET	tr	tr	false	within
2	11	12	DET	NOUN	tr	tr	false	within
3	1	2	PRON	ADP	tr	tr	false	within
3	2	3	ADP	DET	tr	tr	false	boundary
3	3	4	DET	NOUN	tr	tr	false	within
3	4	5	NOUN	VERB	tr	tr	false	within
4	1	2	ADV	VERB	tr	tr	false	within
4	2	3	VERB	PRON	tr	tr	false	within
5	1	2	ADV	VERB	tr	tr	false	within
5	2	3	VERB	NOUN	tr	tr	false	within
6	1	2	PRON	CCONJ	tr	tr	false	within
6	2	3	CCONJ	ADP	tr	en	true	boundary
6	3	4	ADP	DET	en	en	false	within
6	4	5	DET	ADJ	en	en	false	within
6	5	6	ADJ	NOUN	en	en	false	within
6	6	7	NOUN	VERB	en	tr	true	within
6	7	8	VERB	CCONJ	tr	tr	false	within
7	1	2	NOUN	VERB	tr	tr	false	within
7	2	3	VERB	DET	tr	tr	false	boundary
7	3	4	DET	PROPN	tr	tr	false	within
7	4	5	PROPN	VERB	tr	tr	false	within
7	5	7	VERB	VERB	tr	tr	false	within
8	1	2	DET	NOUN	tr	tr	false	within
8	2	3	NOUN	VERB	tr	tr	false	within
8	3	4	VERB	PRON	tr	tr	false	boundary
8	4	5	PRON	PRON	tr	en	true	within
8	5	6	PRON	AUX	en	en	false	within
8	6	7	AUX	VERB	en	en	false	within
8	7	8	VERB	PRON	en	en	false	within
9	1	2	PRON	CCONJ	tr	tr	false	within
9	2	3	CCONJ	NOUN	tr	tr	false	boundary
9	3	4	NOUN	ADV	tr	en	true	within
9	4	5	ADV	ADJ	en	en	false	within
9	5	6	ADJ	AUX	en	tr	true	within
9	6	7	AUX	AUX	tr	tr	false	within
10	1	2	PROPN	PROPN	tr	tr	false	within
10	2	3	PROPN	VERB	tr	tr	false	boundary
10	3	4	VERB	PRON	tr	en	true	within
10	4	5	PRON	AUX	en	en	false	within
10	5	6	AUX	VERB	en	en	false	within
10	6	7	VERB	CCONJ	en	tr	true	within
11	1	2	ADV	ADJ	tr	tr	false	within
11	2	3	ADJ	VERB	tr	tr	false	within
11	3	4	VERB	NOUN	tr	tr	false	within
11	4	5	NOUN	PRON	tr	tr	false	within
11	5	6	PRON	VERB	tr	tr	false	within
12	1	2	PRON	VERB	en	en	false	within
12	2	3	VERB	CCONJ	en	en	false	boundary
12	3	4	CCONJ	VERB	en	en	false	within
12	4	5	VERB	PRON	en	en	false	within
12	5	6	PRON	ADP	en	en	false	boundary
12	6	7	ADP	DET	en	en	false	within
12	7	8	DET	ADV	en	tr	true	boundary
12	8	9	ADV	VERB	tr	tr	false	within
12	9	10	VERB	VERB	tr	tr	false	within
12	10	11	VERB	ADV	tr	en	true	within
12	11	12	ADV	NOUN	en	en	false	within
13	1	2	NOUN	NOUN	en	tr	true	within
13	2	3	NOUN	NOUN	tr	tr	false	within
13	3	4	NOUN	VERB	tr	tr	false	within
14	1	2	CCONJ	ADV	tr	tr	false	boundary
14	2	3	ADV	ADJ	tr	tr	false	within
14	3	4	ADJ	CCONJ	tr	tr	false	within
14	4	5	CCONJ	ADJ	tr	tr	false	within
14	5	6	ADJ	PRON	tr	tr	false	boundary
14	6	7	PRON	ADV	tr	en	true	boundary
14	7	8	ADV	ADJ	en	en	false	within
14	8	9	ADJ	CCONJ	en	en	false	boundary
14	9	10	CCONJ	ADJ	en	en	false	within
15	1	2	DET	NOUN	en	tr	true	within
15	2	3	NOUN	VERB	tr	tr	false	within
16	1	2	NOUN	VERB	tr	tr	false	within
16	2	4	VERB	CCONJ	tr	tr	false	boundary
16	4	5	CCONJ	ADV	tr	tr	false	within
16	5	6	ADV	ADJ	tr	en	true	within
17	1	2	ADJ	DET	en	tr	true	within
17	2	3	DET	NOUN	tr	en	true	within
17	3	4	NOUN	ADJ	en	tr	true	within
17	4	5	ADJ	ADV	tr	tr	false	within
18	1	3	VERB	DET	en	tr	true	boundary
18	3	4	DET	NOUN	tr	tr	false	within
19	1	2	DET	ADP	en	en	false	within
19	2	3	ADP	DET	en	en	false	within
19	3	4	DET	ADJ	en	en	false	within
19	4	5	ADJ	NOUN	en	tr	true	boundary
19	5	6	NOUN	NOUN	tr	tr	false	within
19	6	7	NOUN	VERB	tr	tr	false	within
20	1	2	VERB	ADP	en	en	false	boundary
20	2	3	ADP	PRON	en	en	false	within
20	3	4	PRON	DET	en	tr	true	boundary
20	4	5	DET	NOUN	tr	tr	false	within
21	1	3	NOUN	PRON	en	en	false	within
21	3	4	PRON	VERB	en	en	false	within
21	4	5	VERB	ADV	en	tr	true	boundary
21	5	6	ADV	ADJ	tr	tr	false	within
21	6	7	ADJ	DET	tr	tr	false	within
21	7	8	DET	NOUN	tr	tr	false	within
21	8	9	NOUN	VERB	tr	tr	false	within
22	1	3	NOUN	NOUN	tr	tr	false	within
22	3	4	NOUN	VERB	tr	tr	false	within
22	4	6	VERB	PRON	tr	en	true	boundary
22	6	7	PRON	VERB	en	en	false	within
22	7	8	VERB	ADJ	en	en	false	within
23	1	2	PRON	ADV	tr	tr	false	within
23	2	3	ADV	ADJ	tr	en	true	within
23	3	4	ADJ	AUX	en	tr	true	within
23	4	5	AUX	CCONJ	tr	tr	false	within
24	1	2	VERB	SCONJ	en	en	false	boundary
24	2	3	SCONJ	DET	en	tr	true	boundary
24	3	4	DET	NOUN	tr	tr	false	within
24	4	5	NOUN	PRON	tr	tr	false	within
24	5	6	PRON	VERB	tr	tr	false	within
25	1	2	PRON	NOUN	tr	tr	false	boundary
25	2	3	NOUN	NUM	tr	tr	false	boundary
25	3	4	NUM	NOUN	tr	tr	false	within
25	4	5	NOUN	NOUN	tr	en	true	within
25	5	6	NOUN	VERB	en	tr	true	within
25	6	7	VERB	VERB	tr	tr	false	within
25	7	8	VERB	DET	tr	en	true	boundary
25	8	9	DET	NOUN	en	en	false	within
25	9	10	NOUN	VERB	en	en	false	within
25	10	11	VERB	VERB	en	en	false	within
26	1	3	VERB	VERB	tr	tr	false	within
27	1	2	VERB	NOUN	tr	en	true	within
27	2	3	NOUN	VERB	en	tr	true	within
28	1	2	PRON	ADJ	en	en	false	within
28	2	4	ADJ	ADV	en	tr	true	boundary
28	4	5	ADV	ADV	tr	tr	false	within
28	5	6	ADV	VERB	tr	tr	false	within
29	1	2	ADV	ADV	en	tr	true	within
29	2	3	ADV	VERB	tr	tr	false	within
30	1	2	ADP	NOUN	en	en	false	within
30	2	3	NOUN	NOUN	en	tr	true	boundary
30	3	4	NOUN	VERB	tr	tr	false	within
30	4	6	VERB	VERB	tr	tr	false	within
30	6	7	VERB	AUX	tr	tr	false	within
30	7	8	AUX	PART	tr	tr	false	within
30	8	9	PART	PRON	tr	tr	false	boundary
30	9	10	PRON	ADP	tr	tr	false	within
30	10	11	ADP	NOUN	tr	tr	false	boundary
31	1	2	NOUN	ADV	tr	tr	false	boundary
31	2	3	ADV	ADJ	tr	tr	false	within
31	3	4	ADJ	NOUN	tr	en	true	within
31	4	5	NOUN	NOUN	en	tr	true	within
31	5	6	NOUN	ADJ	tr	tr	false	within
31	6	7	ADJ	ADJ	tr	tr	false	within
31	7	9	ADJ	NOUN	tr	en	true	boundary
31	9	10	NOUN	VERB	en	en	false	within
31	10	11	VERB	NOUN	en	en	false	within
32	1	2	NOUN	ADV	en	en	false	within
32	2	3	ADV	VERB	en	tr	true	within
32	3	4	VERB	SCONJ	tr	tr	false	boundary
32	4	5	SCONJ	VERB	tr	tr	false	within
32	5	6	VERB	VERB	tr	tr	false	within
33	1	2	PROPN	PRON	tr	tr	false	within
33	2	3	PRON	PRON	tr	tr	false	boundary
33	3	4	PRON	NOUN	tr	en	true	within
33	4	5	NOUN	VERB	en	tr	true	within
33	5	6	VERB	SCONJ	tr	tr	false	within
33	6	7	SCONJ	AUX	tr	tr	false	boundary
33	7	8	AUX	VERB	tr	tr	false	within
34	1	2	ADJ	NOUN	tr	tr	false	within
34	2	3	NOUN	NOUN	tr	en	true	within
34	3	4	NOUN	NOUN	en	en	false	within
34	4	5	NOUN	VERB	en	tr	true	within
35	1	2	NOUN	ADV	tr	en	true	within
35	2	3	ADV	PRON	en	tr	true	within
35	3	4	PRON	PROPN	tr	tr	false	within
36	1	2	NOUN	ADV	tr	tr	false	boundary
36	2	3	ADV	ADJ	tr	en	true	within
36	3	4	ADJ	NOUN	en	tr	true	within
36	4	5	NOUN	VERB	tr	tr	false	within
36	5	6	VERB	VERB	tr	tr	false	within
36	6	7	VERB	SCONJ	tr	tr	false	within
36	7	8	SCONJ	VERB	tr	tr	false	boundary
37	1	2	NOUN	NOUN	tr	tr	false	boundary
37	2	3	NOUN	VERB	tr	tr	false	within
37	3	4	VERB	VERB	tr	tr	false	within
37	4	5	VERB	NUM	tr	tr	false	boundary
37	5	6	NUM	NOUN	tr	tr	false	within
37	6	7	NOUN	PROPN	tr	tr	false	within
37	7	8	PROPN	PROPN	tr	tr	false	within
37	8	9	PROPN	NOUN	tr	tr	false	boundary
38	1	2	NOUN	ADJ	tr	en	true	boundary
38	2	3	ADJ	DET	en	tr	true	within
38	3	4	DET	NOUN	tr	tr	false	within
38	4	5	NOUN	VERB	tr	tr	false	within
39	1	3	ADV	CCONJ	tr	en	true	within
39	3	4	CCONJ	ADV	en	en	false	within
39	4	6	ADV	ADV	en	tr	true	boundary
39	6	7	ADV	NOUN	tr	tr	false	boundary
39	7	8	NOUN	NOUN	tr	tr	false	within
39	8	9	NOUN	VERB	tr	tr	false	within
39	9	10	VERB	DET	tr	tr	false	within
39	10	11	DET	NOUN	tr	tr	false	within
40	1	2	VERB	PRON	tr	tr	false	within
40	2	3	PRON	PART	tr	tr	false	within
41	1	2	PROPN	NOUN	tr	tr	false	within
41	2	3	NOUN	NOUN	tr	tr	false	boundary
41	3	4	NOUN	VERB	tr	tr	false	within
42	1	2	ADV	VERB	tr	tr	false	within
42	2	3	VERB	NOUN	tr	tr	false	within
42	3	4	NOUN	PRON	tr	tr	false	boundary
42	4	5	PRON	ADV	tr	tr	false	within
42	5	6	ADV	ADV	tr	en	true	within
42	6	7	ADV	ADJ	en	en	false	within
43	1	2	VERB	PART	en	en	false	within
43	2	3	PART	VERB	en	en	false	within
43	3	4	VERB	ADV	en	en	false	within
43	4	5	ADV	PRON	en	tr	true	boundary
44	1	2	ADV	ADP	en	en	false	boundary
44	2	3	ADP	PROPN	en	tr	true	within
45	1	2	PRON	VERB	tr	en	true	boundary
45	2	3	VERB	NOUN	en	en	false	within
45	3	4	NOUN	NOUN	en	en	false	within
45	4	5	NOUN	VERB	en	tr	true	within
45	5	6	VERB	AUX	tr	tr	false	within
46	1	2	PRON	DET	tr	tr	false	boundary
46	2	3	DET	NOUN	tr	tr	false	within
46	3	4	NOUN	DET	tr	tr	false	boundary
46	4	5	DET	NOUN	tr	tr	false	within
46	5	6	NOUN	VERB	tr	tr	false	within
47	1	2	PRON	PART	en	en	false	within
47	2	3	PART	VERB	en	en	false	within
47	3	4	VERB	PART	en	en	false	boundary
47	4	5	PART	PRON	en	tr	true	within
47	5	6	PRON	VERB	tr	tr	false	within
47	6	7	VERB	DET	tr	tr	false	boundary
47	7	8	DET	NOUN	tr	tr	false	within
48	1	2	ADV	ADJ	tr	tr	false	within
48	2	3	ADJ	ADP	tr	en	true	boundary
48	3	4	ADP	DET	en	en	false	within
48	4	5	DET	NOUN	en	en	false	within
49	1	2	PRON	NOUN	tr	en	true	within
49	2	3	NOUN	VERB	en	tr	true	within
49	3	4	VERB	ADJ	tr	tr	false	within
49	4	5	ADJ	VERB	tr	tr	false	within
49	5	6	VERB	NUM	tr	tr	false	within
49	6	7	NUM	NOUN	tr	tr	false	within
50	1	2	PRON	ADV	en	en	false	within
50	2	3	ADV	VERB	en	en	false	within
50	3	4	VERB	DET	en	en	false	boundary
50	4	5	DET	NOUN	en	tr	true	within
50	5	6	NOUN	NOUN	tr	tr	false	within
50	6	7	NOUN	ADP	tr	en	true	boundary
50	7	8	ADP	ADJ	en	en	false	within
50	8	9	ADJ	NOUN	en	en	false	within
50	9	10	NOUN	ADJ	en	en	false	within
50	10	11	ADJ	ADP	en	en	false	boundary
50	11	12	ADP	PRON	en	en	false	within
50	12	13	PRON	DET	en	en	false	boundary
50	13	14	DET	NOUN	en	tr	true	within
50	14	15	NOUN	CCONJ	tr	en	true	boundary
50	15	16	CCONJ	DET	en	en	false	within
50	16	17	DET	ADJ	en	en	false	within
50	17	18	ADJ	PROPN	en	en	false	within
50	18	19	PROPN	NOUN	en	en	false	within
51	1	2	PRON	VERB	en	en	false	within
51	2	3	VERB	PRON	en	en	false	boundary
51	3	4	PRON	NOUN	en	tr	true	within
51	4	5	NOUN	VERB	tr	tr	false	within
51	5	6	VERB	SCONJ	tr	en	true	boundary
51	6	7	SCONJ	PRON	en	en	false	within
51	7	8	PRON	AUX	en	en	false	within
51	8	9	AUX	VERB	en	en	false	within
51	9	10	VERB	PROPN	en	tr	true	within
